url,success,stripe_detected,stripe_code,error_code
https://migrantcenter.org/news-monthly-newsletter/,True,False,,
https://migrantcenter.org/success-stories/,True,False,,
https://migrantcenter.org/contact-us/,True,False,,
https://migrantcenter.org/who-we-are-board-of-directors/,True,False,,
https://migrantcenter.org/who-we-are-mission-vision-and-core-values/,True,False,,
https://migrantcenter.org/donate/,True,True,"<form id=""asp_ng_form_066ec7995dd81e"" class=""asp-stripe-form"" action="""" method=""POST""> <input type=""hidden"" name=""asp_product_id"" value=""12667""><div class=""asp-child-hidden-fields"" style=""display: none !important;""></div></form>,<form id=""asp_ng_form_166ec7995ddb49"" class=""asp-stripe-form"" action="""" method=""POST""> <input type=""hidden"" name=""asp_product_id"" value=""12723""><div class=""asp-child-hidden-fields"" style=""display: none !important;""></div></form>",
https://migrantcenter.org/,True,False,,
https://migrantcenter.org/advocacy/,False,,,<twisted.python.failure.Failure scrapy.spidermiddlewares.httperror.HttpError: Ignoring non-200 response>
https://migrantcenter.org/impact-litigation-community-sign-ons/,False,,,<twisted.python.failure.Failure scrapy.spidermiddlewares.httperror.HttpError: Ignoring non-200 response>
https://migrantcenter.org/programs-and-projects/,False,,,<twisted.python.failure.Failure scrapy.spidermiddlewares.httperror.HttpError: Ignoring non-200 response>
https://migrantcenter.org/what-we-do/,False,,,<twisted.python.failure.Failure scrapy.spidermiddlewares.httperror.HttpError: Ignoring non-200 response>
https://migrantcenter.org/staff/,False,,,<twisted.python.failure.Failure scrapy.spidermiddlewares.httperror.HttpError: Ignoring non-200 response>
https://migrantcenter.org/who-we-are-history/,False,,,<twisted.python.failure.Failure scrapy.spidermiddlewares.httperror.HttpError: Ignoring non-200 response>
https://migrantcenter.org/who-we-are/,False,,,<twisted.python.failure.Failure scrapy.spidermiddlewares.httperror.HttpError: Ignoring non-200 response>
https://migrantcenter.org/request-a-visit/,True,False,,
https://migrantcenter.org/make-a-payment/,True,True,"<form id=""asp_ng_form_066ec80bf8dba4"" class=""asp-stripe-form"" action="""" method=""POST""> <input type=""hidden"" name=""asp_product_id"" value=""12706""><div class=""asp-child-hidden-fields"" style=""display: none !important;""></div></form>",
https://migrantcenter.org/workwithus/,True,False,,
https://migrantcenter.org/community-resources/,True,False,,
https://migrantcenter.org/government-memos/,True,False,,
https://migrantcenter.org/news-publications/,True,False,,
https://migrantcenter.org/country-condition-packets/,False,,,<twisted.python.failure.Failure scrapy.spidermiddlewares.httperror.HttpError: Ignoring non-200 response>
https://migrantcenter.org/information-packets/,False,,,<twisted.python.failure.Failure scrapy.spidermiddlewares.httperror.HttpError: Ignoring non-200 response>
https://migrantcenter.org/press-releases/,False,,,<twisted.python.failure.Failure scrapy.spidermiddlewares.httperror.HttpError: Ignoring non-200 response>
https://migrantcenter.org/news-in-the-news/,False,,,<twisted.python.failure.Failure scrapy.spidermiddlewares.httperror.HttpError: Ignoring non-200 response>
https://able-inc.org/cookie-policy/,True,False,,
https://abatemn.org/user/login,True,False,,
https://www.abchouston.org/jobsite-safety/,True,False,,
https://www.abccvc.org/Privacy,True,False,,
https://www.abcap.net/donate.html,True,False,,
https://abetterwisconsininstitute.org/privacy-policy/,True,False,,
https://www.abcap.net/contact.html,True,False,,
https://abcinc.org/donate/events/annual-awards-banquets/,True,False,,
https://abolitionistlawcenter.org/2024/09/16/ideas-we-should-steal-automatic-voter-registration-for-returning-citizens/,True,False,,
https://aawconline.memberclicks.net/terms-of-use,True,False,,
https://www.abide.org/sunday-morning-service,True,False,,
https://aawconline.memberclicks.net/disclosure,True,False,,
https://abcinc.org/donate/events/support-abc-2/,True,False,,
https://www.abortionfacts.com/donate,True,False,,
https://www.abetterinternet.org/trademarks/,True,False,,
https://www.abide.org/avccc-page,True,False,,
https://aboutcare.org/cdn-cgi/l/email-protection,True,False,,
https://www.abortionfacts.com/facts/20,True,False,,
https://www.abortionfacts.com/facts/19,True,False,,
https://www.abetterinternet.org/privacy-policy/,True,False,,
https://aboutcare.org/2021/01/san-tan-valley-arizona/,True,False,,
https://aboutcare.org/2021/09/chandler-arizona/,True,False,,
https://aboutcare.org/2021/09/queen-creek-arizona/,True,False,,
https://aboutcare.org/2021/09/town-of-gilbert-arizona/,True,False,,
https://aboutcare.org/2024/01/network-of-nonprofits-serving-seniors-in-maricopa-county/,True,False,,
https://aboutcare.org/2024/03/isolation-and-loneliness-in-older-adults/,True,False,,
https://aboutcare.org/2024/08/bashas-community-support-card/,True,False,,
https://aboutcare.org/donations/support-services/,True,False,,
https://aboutcare.org/donations/free-transportation/,True,False,,
https://aboutcare.org/donations/clean-water-for-afrika/,True,False,,
https://aboutcare.org/donations/arizona-charitable-tax-credit/,True,False,,
https://aboutcare.org/testimonials/,True,False,,
https://aboutcare.org/donations/,True,False,,
https://aboutcare.org/blog/,True,False,,
https://aboutcare.org/contactus/,True,False,,
https://aboutcare.org/volunteer-application/,True,False,,
https://aboutcare.org/volunteer/,True,False,,
https://aboutcare.org/services/,True,False,,
https://aboutcare.org/resources/,True,False,,
https://aboutcare.org/client/,True,False,,
https://herlifecenter.com/partner-with-us/events/,True,False,,
https://herlifecenter.com/,True,False,,
https://herlifecenter.com/partner-with-us/,True,False,,
https://aboutcare.org/our-website-privacy-policy/,True,False,,
https://aboutcare.org/volunteer-center/,True,False,,
https://aboutcare.org/photo-waiver-release-and-consent/,True,False,,
https://aboutcare.org/network-of-nonprofits-serving-seniors-in-maricopa-county/,True,False,,
https://aboutcare.org/golf-tournament/,True,False,,
https://aboutcare.org/bod-member-application/,True,False,,
https://aboutcare.org/our-team/,True,False,,
https://aboutcare.org/about/,True,False,,
https://aboutcare.org/,True,False,,
https://www.abortionfacts.com/facts/18,True,False,,
https://www.abortionfacts.com/facts/17,True,False,,
https://www.abortionfacts.com/facts/16,True,False,,
https://www.abortionfacts.com/facts/15,True,False,,
https://www.abortionfacts.com/facts/14,True,False,,
https://www.abortionfacts.com/facts/13,True,False,,
https://www.abortionfacts.com/facts/12,True,False,,
https://www.abortionfacts.com/facts/11,True,False,,
https://www.abortionfacts.com/facts/10,True,False,,
https://www.abortionfacts.com/facts/9,True,False,,
https://www.abortionfacts.com/facts/8,True,False,,
https://www.abortionfacts.com/facts/7,True,False,,
https://www.abortionfacts.com/facts/6,True,False,,
https://www.abortionfacts.com/facts/5,True,False,,
https://www.abortionfacts.com/facts/4,True,False,,
https://www.abortionfacts.com/facts/3,True,False,,
https://herlifecenter.com/blog/,True,False,,
https://www.abortionfacts.com/facts/2,True,False,,
https://www.abortionfacts.com/facts/1,True,False,,
https://www.abortionfacts.com/contact,True,False,,
https://www.abortionfacts.com/manifesto,True,False,,
https://www.abortionfacts.com/get-involved,True,False,,
https://www.abortionfacts.com/get-help,True,False,,
https://www.abortionfacts.com/,True,False,,
https://divviup.org/,True,False,,
https://www.abetterinternet.org/post/growing-support/,True,False,,
https://herlifecenter.com/faq/,True,False,,
https://www.abetterinternet.org/post/introducing-general-counsel/,True,False,,
https://www.abetterinternet.org/post/replacing-ocsp-with-crls/,True,False,,
https://www.abetterinternet.org/donate/,True,False,,
https://www.abetterinternet.org/getinvolved/,True,False,,
https://www.abetterinternet.org/sponsor/,True,False,,
https://www.abetterinternet.org/sponsors/,True,False,,
https://www.abetterinternet.org/blog/,True,False,,
https://www.abetterinternet.org/radiantaward/,True,False,,
https://www.abetterinternet.org/tenth-anniversary/,True,False,,
https://www.abetterinternet.org/annual-reports/,True,False,,
https://www.abetterinternet.org/contact/,True,False,,
https://www.abetterinternet.org/careers/,True,False,,
https://herlifecenter.com/student/,True,False,,
https://www.abetterinternet.org/,True,False,,
https://www.abetterinternet.org/about/,True,False,,
https://www.abetterinternet.org/policies/,True,False,,
https://abolitionistlawcenter.org/2024/09/16/women-inside-philly-jail-banged-on-cells-for-hours-before-amanda-cahill-died-reiterating-her-calls-for-help/,True,False,,
https://abolitionistlawcenter.org/2024/09/17/man-becomes-second-death-in-a-week-inside-philly-jails/,True,False,,
https://herlifecenter.com/for-men/,True,False,,
https://abolitionistlawcenter.org/topics/wrongful-death/,True,False,,
https://abolitionistlawcenter.org/topics/wrongful-conviction/,True,False,,
https://herlifecenter.com/your-options/parenting/,True,False,,
https://abolitionistlawcenter.org/topics/warrantless-search-and-seizure/,True,False,,
https://herlifecenter.com/your-options/adoption/,True,False,,
https://herlifecenter.com/your-options/abortion/,True,False,,
https://herlifecenter.com/your-options/,True,False,,
https://abolitionistlawcenter.org/topics/warden-harper/,True,False,,
https://herlifecenter.com/services/with-you-counseling/,True,False,,
https://herlifecenter.com/services/sexual-risk-avoidance/,True,False,,
https://herlifecenter.com/services/parenting-education/,True,False,,
https://herlifecenter.com/services/pregnancy-testing/,True,False,,
https://abolitionistlawcenter.org/topics/voting-rights/,True,False,,
https://herlifecenter.com/pregnant/,True,False,,
https://herlifecenter.com/services/,True,False,,
https://herlifecenter.com/contact/,True,False,,
https://abolitionistlawcenter.org/topics/united-nations/,True,False,,
https://abolitionistlawcenter.org/topics/transformative-justice/,True,False,,
https://abolitionistlawcenter.org/topics/traffic-stops/,True,False,,
https://abolitionistlawcenter.org/topics/toxic-prison-conditions/,True,False,,
https://abolitionistlawcenter.org/topics/survivor-justice-network/,True,False,,
https://abolitionistlawcenter.org/topics/supervision/,True,False,,
https://abolitionistlawcenter.org/topics/strip-search/,True,False,,
https://abolitionistlawcenter.org/topics/stgmu/,True,False,,
https://abolitionistlawcenter.org/topics/solitary-confinement/,True,False,,
https://abolitionistlawcenter.org/topics/silencing-act/,True,False,,
https://abolitionistlawcenter.org/topics/shawn-bridges/,True,False,,
https://abolitionistlawcenter.org/topics/sentencing/,True,False,,
https://abolitionistlawcenter.org/topics/sci-fayette/,True,False,,
https://abolitionistlawcenter.org/topics/russell-maroon-shoatz/,True,False,,
https://abolitionistlawcenter.org/topics/robert-saleem-holbrook/,True,False,,
https://abolitionistlawcenter.org/topics/restraint-chair/,True,False,,
https://abolitionistlawcenter.org/topics/reports/,True,False,,
https://abolitionistlawcenter.org/topics/remick-et-al-v-city-of-philadelphia/,True,False,,
https://abolitionistlawcenter.org/topics/release-from-prison/,True,False,,
https://abolitionistlawcenter.org/topics/referendums/,True,False,,
https://abolitionistlawcenter.org/topics/psychiatric-disability/,True,False,,
https://abolitionistlawcenter.org/topics/prosecutorial-misconduct/,True,False,,
https://abolitionistlawcenter.org/topics/probation/,True,False,,
https://abolitionistlawcenter.org/topics/pro-se/,True,False,,
https://abolitionistlawcenter.org/topics/prisoner-health/,True,False,,
https://abolitionistlawcenter.org/topics/prison-radio/,True,False,,
https://abolitionistlawcenter.org/topics/prison-gerrymandering-access-to-democracy/,True,False,,
https://abolitionistlawcenter.org/topics/prison-gerrymandering/,True,False,,
https://abolitionistlawcenter.org/topics/pregnancy/,True,False,,
https://abolitionistlawcenter.org/topics/pre-trial-detention/,True,False,,
https://abolitionistlawcenter.org/topics/porter-v-pa-doc-ernest-porter/,True,False,,
https://abolitionistlawcenter.org/topics/political-rights/,True,False,,
https://abolitionistlawcenter.org/topics/political-prisoner/,True,False,,
https://abolitionistlawcenter.org/topics/policing/,True,False,,
https://abolitionistlawcenter.org/topics/police-violence/,True,False,,
https://abolitionistlawcenter.org/topics/police-misconduct/,True,False,,
https://abolitionistlawcenter.org/topics/pittsburgh/,True,False,,
https://abolitionistlawcenter.org/topics/pilp-pa-institutional-law-project/,True,False,,
https://abolitionistlawcenter.org/topics/philly-jails/,True,False,,
https://abolitionistlawcenter.org/topics/philadelphia/,True,False,,
https://abolitionistlawcenter.org/topics/parole/,True,False,,
https://abolitionistlawcenter.org/topics/pa-supreme-court/,True,False,,
https://abolitionistlawcenter.org/topics/palestine/,True,False,,
https://abolitionistlawcenter.org/topics/pa-doc-dept-of-corrections/,True,False,,
https://abolitionistlawcenter.org/topics/ova-office-of-the-victim-advocate/,True,False,,
https://abolitionistlawcenter.org/topics/oc-spray/,True,False,,
https://abolitionistlawcenter.org/topics/mumia-abu-jamal/,True,False,,
https://abolitionistlawcenter.org/topics/movement-lawyering/,True,False,,
https://abolitionistlawcenter.org/topics/move/,True,False,,
https://abolitionistlawcenter.org/topics/mental-health/,True,False,,
https://abolitionistlawcenter.org/topics/medical-neglect/,True,False,,
https://abolitionistlawcenter.org/topics/mass-incarceration/,True,False,,
https://abolitionistlawcenter.org/topics/marie-mechie-scott/,True,False,,
https://abolitionistlawcenter.org/topics/long-term-sentences/,True,False,,
https://abolitionistlawcenter.org/topics/letcher-county/,True,False,,
https://abolitionistlawcenter.org/topics/lets-get-free/,True,False,,
https://abolitionistlawcenter.org/topics/leonard-peltier/,True,False,,
https://abolitionistlawcenter.org/topics/larry-krasner/,True,False,,
https://abolitionistlawcenter.org/topics/lagrotteria-v-allegheny-county/,True,False,,
https://abolitionistlawcenter.org/topics/lackawanna-county/,True,False,,
https://abolitionistlawcenter.org/topics/kimberly-andrews/,True,False,,
https://abolitionistlawcenter.org/topics/khalil-hammond/,True,False,,
https://abolitionistlawcenter.org/topics/kerry-shakaboona-marshall/,True,False,,
https://abolitionistlawcenter.org/topics/kempis-ghani-songster/,True,False,,
https://abolitionistlawcenter.org/topics/juvenile-lifers/,True,False,,
https://abolitionistlawcenter.org/topics/juvenile-justice/,True,False,,
https://abolitionistlawcenter.org/topics/judicial-misconduct/,True,False,,
https://abolitionistlawcenter.org/topics/judge-anthony-mariani/,True,False,,
https://abolitionistlawcenter.org/topics/josh-shapiro/,True,False,,
https://abolitionistlawcenter.org/topics/john-yahya-moore/,True,False,,
https://abolitionistlawcenter.org/topics/jerome-hoagie-coffey/,True,False,,
https://abolitionistlawcenter.org/topics/internships/,True,False,,
https://abolitionistlawcenter.org/topics/incarecation-prison-and-jail/,True,False,,
https://abolitionistlawcenter.org/topics/human-rights-coalition/,True,False,,
https://abolitionistlawcenter.org/topics/human-rights/,True,False,,
https://abolitionistlawcenter.org/topics/howard-v-williams/,True,False,,
https://abolitionistlawcenter.org/topics/hepatitis-c/,True,False,,
https://abolitionistlawcenter.org/topics/health-and-environmental-conditions/,True,False,,
https://abolitionistlawcenter.org/topics/gerald-thomas/,True,False,,
https://abolitionistlawcenter.org/topics/george-floyd/,True,False,,
https://abolitionistlawcenter.org/topics/geo-maher/,True,False,,
https://abolitionistlawcenter.org/topics/fundraising/,True,False,,
https://abolitionistlawcenter.org/topics/felony-murder-sentencing/,True,False,,
https://abolitionistlawcenter.org/topics/federal-civil-rights/,True,False,,
https://abolitionistlawcenter.org/topics/ezra-bozeman/,True,False,,
https://abolitionistlawcenter.org/topics/excessive-force/,True,False,,
https://abolitionistlawcenter.org/topics/environmental-justice/,True,False,,
https://abolitionistlawcenter.org/topics/dual-victims/,True,False,,
https://abolitionistlawcenter.org/topics/donate/,True,False,,
https://abolitionistlawcenter.org/topics/district-attorney/,True,False,,
https://abolitionistlawcenter.org/topics/disability-justice/,True,False,,
https://abolitionistlawcenter.org/topics/disability/,True,False,,
https://abolitionistlawcenter.org/topics/derek-lee/,True,False,,
https://abolitionistlawcenter.org/topics/defending-democracy/,True,False,,
https://abolitionistlawcenter.org/topics/death-row/,True,False,,
https://abolitionistlawcenter.org/topics/death-penalty/,True,False,,
https://abolitionistlawcenter.org/topics/death-by-incarceration/,True,False,,
https://abolitionistlawcenter.org/topics/darrick-hall/,True,False,,
https://abolitionistlawcenter.org/topics/dallas-6/,True,False,,
https://abolitionistlawcenter.org/topics/covid-19/,True,False,,
https://abolitionistlawcenter.org/topics/court-watch/,True,False,,
https://abolitionistlawcenter.org/topics/court/,True,False,,
https://abolitionistlawcenter.org/topics/conviction-integrity-unit/,True,False,,
https://abolitionistlawcenter.org/topics/conditions-of-confinement/,True,False,,
https://abolitionistlawcenter.org/topics/compassionate-release/,True,False,,
https://abolitionistlawcenter.org/topics/commutation/,True,False,,
https://abolitionistlawcenter.org/topics/clayton-mccray/,True,False,,
https://abolitionistlawcenter.org/topics/civil-rights-corps/,True,False,,
https://abolitionistlawcenter.org/topics/center-for-constitutional-rights/,True,False,,
https://abolitionistlawcenter.org/topics/censorship-of-prisoners/,True,False,,
https://abolitionistlawcenter.org/topics/censorship/,True,False,,
https://abolitionistlawcenter.org/topics/cash-bail/,True,False,,
https://abolitionistlawcenter.org/topics/campaign-to-fight-toxic-prisons/,True,False,,
https://abolitionistlawcenter.org/topics/brandon-palakovic/,True,False,,
https://abolitionistlawcenter.org/topics/bradford-gamble/,True,False,,
https://abolitionistlawcenter.org/topics/blak-rapp-medusa/,True,False,,
https://abolitionistlawcenter.org/topics/black-philly-radical-collective/,True,False,,
https://abolitionistlawcenter.org/topics/bell-v-little/,True,False,,
https://abolitionistlawcenter.org/topics/avis-lee/,True,False,,
https://abolitionistlawcenter.org/topics/arthur-cetewayo-johnson/,True,False,,
https://abolitionistlawcenter.org/topics/arrest/,True,False,,
https://abolitionistlawcenter.org/topics/anthony-talotta/,True,False,,
https://abolitionistlawcenter.org/topics/andrews-v-harper-andrews-v-allegheny-county/,True,False,,
https://abolitionistlawcenter.org/topics/amistad-law-project/,True,False,,
https://abolitionistlawcenter.org/topics/allegheny-county-jail-oversight-board/,True,False,,
https://abolitionistlawcenter.org/topics/allegheny-county-jail/,True,False,,
https://abolitionistlawcenter.org/topics/allegheny-county/,True,False,,
https://abolitionistlawcenter.org/topics/alc-newsletter/,True,False,,
https://abolitionistlawcenter.org/topics/alc-events/,True,False,,
https://abolitionistlawcenter.org/topics/alc-10th-anniversary/,True,False,,
https://abolitionistlawcenter.org/topics/aging-in-prison/,True,False,,
https://abolitionistlawcenter.org/topics/ada-americans-with-disabilities-act/,True,False,,
https://abolitionistlawcenter.org/topics/act-40/,True,False,,
https://abolitionistlawcenter.org/topics/aclu-of-pa/,True,False,,
https://abolitionistlawcenter.org/topics/abolition/,True,False,,
https://abolitionistlawcenter.org/topics/8th-amendement/,True,False,,
https://abolitionistlawcenter.org/topics/14th-amendment/,True,False,,
https://abolitionistlawcenter.org/support-us/,True,False,,
https://abolitionistlawcenter.org/contact-us/,True,False,,
https://abolitionistlawcenter.org/category/media-coverage/,True,False,,
https://abolitionistlawcenter.org/category/press-releases/,True,False,,
https://abolitionistlawcenter.org/press-room/,True,False,,
https://abolitionistlawcenter.org/events/,True,False,,
https://abolitionistlawcenter.org/category/news-updates/,True,False,,
https://abolitionistlawcenter.org/fiscally-sponsored-projects/,True,False,,
https://abolitionistlawcenter.org/coalitional-campaigns/,True,False,,
https://abolitionistlawcenter.org/reports/,True,False,,
https://abolitionistlawcenter.org/court-watch/,True,False,,
https://abolitionistlawcenter.org/litigation/foia-right-to-know-requests/,True,False,,
https://abolitionistlawcenter.org/litigation/completed-cases/,True,False,,
https://abolitionistlawcenter.org/litigation/current-cases/,True,False,,
https://abolitionistlawcenter.org/litigation/,True,False,,
https://abolitionistlawcenter.org/access-to-democracy/,True,False,,
https://abolitionistlawcenter.org/policing/,True,False,,
https://abolitionistlawcenter.org/,True,False,,
https://abolitionistlawcenter.org/health-and-environmental-conditions/,True,False,,
https://abolitionistlawcenter.org/political-rights/,True,False,,
https://abolitionistlawcenter.org/release-from-prison/,True,False,,
https://abcinc.org/donate/events/celebrating-abilities/,True,False,,
https://abolitionistlawcenter.org/probation_parole_pretrialdetention/,True,False,,
https://abolitionistlawcenter.org/philly-jails-campaign/,True,False,,
https://abolitionistlawcenter.org/allegheny-county-jail/,True,False,,
https://abolitionistlawcenter.org/ending-death-by-incarceration/,True,False,,
https://abolitionistlawcenter.org/ending-solitary-confinement-in-pa/,True,False,,
https://abolitionistlawcenter.org/core-campaigns/,True,False,,
https://abolitionistlawcenter.org/our-work/,True,False,,
https://abolitionistlawcenter.org/privacy-policy-2/,True,False,,
https://abolitionistlawcenter.org/financial-info/,True,False,,
https://abolitionistlawcenter.org/jobs-and-internships/,True,False,,
https://abolitionistlawcenter.org/staff-and-board/,True,False,,
https://abolitionistlawcenter.org/about-us/,True,False,,
https://abcinc.org/donate/events/on-the-tee-with-abc/,True,False,,
https://abcinc.org/donate/events/,True,False,,
https://abcinc.org/donate/volunteer/,True,False,,
https://abcinc.org/donate/,True,False,,
https://abcinc.org/ability-built-computers/eligibility-information-for-organizations/,True,False,,
https://abcinc.org/ability-built-computers/,True,False,,
https://abcinc.org/programs/abc-works/,True,False,,
https://abcinc.org/programs/woodland-industries/,True,False,,
https://abcinc.org/programs/vocational-evaluation/,True,False,,
https://abcinc.org/programs/supported-employment/,True,False,,
https://abcinc.org/programs/independent-living-skills-and-semi-independent-living-skills/,True,False,,
https://abcinc.org/programs/community-based-competitive-placement/,True,False,,
https://abcinc.org/programs/center-based-employment/,True,False,,
https://abcinc.org/?page_id=253,False,,,<twisted.python.failure.Failure scrapy.spidermiddlewares.httperror.HttpError: Ignoring non-200 response>
https://abcinc.org/programs/ability-options/,True,False,,
https://abcinc.org/programs/ability-enterprises/,True,False,,
https://abcinc.org/business-services/subcontract-at-abc-and-outsource-in-your-community/,True,False,,
https://abcinc.org/business-services/small-change-diaper-service/,True,False,,
https://abcinc.org/business-services/pay-your-abc-invoice-online/,True,False,,
https://abcinc.org/business-services/hire-someone-from-abc/,True,False,,
https://abcinc.org/business-services/abc-business-partners/,True,False,,
https://abcinc.org/,True,False,,
https://aawconline.memberclicks.net/privacy_policy,True,False,,
https://abcinc.org/news/annual-reports/,True,False,,
https://aawconline.memberclicks.net/join-the-aawc,True,False,,
https://abcinc.org/news/,True,False,,
https://aawconline.memberclicks.net/vtail-app,True,False,,
https://abcinc.org/history-of-abc/stafflinks/,True,False,,
https://abcinc.org/history-of-abc/title-vi-civil-rights/title-iv-civil-rights-language-assistance-plan/,True,False,,
https://aawconline.memberclicks.net/index.php?option=com_jevents,True,False,,
https://aawconline.memberclicks.net/login,True,False,,
https://abcinc.org/history-of-abc/title-vi-civil-rights/title-iv-civil-rights-complaint-procedures/,True,False,,
https://aawconline.memberclicks.net/webinars,True,False,,
https://abcinc.org/history-of-abc/title-vi-civil-rights/,True,False,,
https://aawconline.memberclicks.net/journal-clu,True,False,,
https://aawconline.memberclicks.net/pressure-ulcer-summit-on-demand,True,False,,
https://abcinc.org/history-of-abc/staff/,True,False,,
https://aawconline.memberclicks.net/2022-annual-conference,True,False,,
https://aawconline.memberclicks.net/official-conferences,True,False,,
https://abcinc.org/history-of-abc/eeo/,True,False,,
https://aawconline.memberclicks.net/event-calendar,True,False,,
https://aawconline.memberclicks.net/wounds-in-need,True,False,,
https://aawconline.memberclicks.net/publications,True,False,,
https://abcinc.org/history-of-abc/careers-at-abc/,True,False,,
https://aawconline.memberclicks.net/aawc-fellow-designation,True,False,,
https://aawconline.memberclicks.net/volunteer,True,False,,
https://abcinc.org/board-of-directors/,True,False,,
https://aawconline.memberclicks.net/trip-database-page,True,False,,
https://aawconline.memberclicks.net/speakers-bureau,True,False,,
https://abcinc.org/history-of-abc/,True,False,,
https://aawconline.memberclicks.net/aawc-awards,True,False,,
https://aawconline.memberclicks.net/,True,False,,
https://abetterwisconsininstitute.org/reports/,True,False,,
https://abetterwisconsininstitute.org/,True,False,,
https://aawconline.memberclicks.net/quick-care-tips,True,False,,
https://aawconline.memberclicks.net/member-spotlight,True,False,,
https://www.abide.org/kids-ministry,True,False,,
https://aawconline.memberclicks.net/distinguished-members,True,False,,
https://aawconline.memberclicks.net/corporate-manufacturer-members,True,False,,
https://aawconline.memberclicks.net/join,True,False,,
https://www.abide.org/,True,False,,
https://www.abccvc.org/Terms,True,False,,
https://aawconline.memberclicks.net/member-benefits-and-options,True,False,,
https://aawconline.memberclicks.net/our-history,True,False,,
http://www.abccvc.org/,True,False,,
https://aawconline.memberclicks.net/testimonials,True,False,,
https://aawconline.memberclicks.net/advocacy,True,False,,
https://aawconline.memberclicks.net/donate,True,False,,
https://www.abide.org/blank-page-1,True,False,,
https://aawconline.memberclicks.net/sponsorship,True,False,,
https://aawconline.memberclicks.net/contact-us,True,False,,
https://aawconline.memberclicks.net/aawc-committees,True,False,,
https://aawconline.memberclicks.net/board-of-directors,True,False,,
https://aawconline.memberclicks.net/index.php?option=com_mclogin&view=mclogin&return=aHR0cHM6Ly9hYXdjb25saW5lLm1lbWJlcmNsaWNrcy5uZXQvbWVtYmVycy1vbmx5P3NlcnZJZD03MDI4,True,False,,
https://www.abide.org/prayer-groups,True,False,,
https://www.abide.org/calendar,True,False,,
https://www.abccvc.org/Business-Development/ABC-CVC-Firms-Hiring,True,False,,
https://www.abide.org/statement-of-faith,True,False,,
https://www.abide.org/leadership,True,False,,
https://www.abccvc.org/Business-Development/Accredited-Quality-Contractors-AQC,True,False,,
https://www.abccvc.org/Business-Development/Excellence-in-Construction,True,False,,
https://www.abccvc.org/Business-Development,True,False,,
https://www.abccvc.org/Government-Affairs/ABC-PAC,True,False,,
https://www.abccvc.org/Login?returnurl=%2f,False,,,<twisted.python.failure.Failure scrapy.exceptions.IgnoreRequest: Forbidden by robots.txt>
https://www.abccvc.org/Government-Affairs,True,False,,
https://www.abccvc.org/Membership/Join-Now,True,False,,
https://www.abccvc.org/Membership,True,False,,
https://www.abccvc.org/Education/Custom-and-In-House-Training,True,False,,
https://www.abccvc.org/Education/Apprenticeship-Training-Fund,True,False,,
https://abionline.org/wp/wp-login.php?action=lostpassword,True,False,,
https://www.abcap.net/events.html,True,False,,
https://www.abccvc.org/Education/Apprenticeship-and-Craft-Training,True,False,,
https://www.abccvc.org/Education,True,False,,
https://www.abccvc.org/Membership/Join-Now/New-Member-Application,True,False,,
https://www.abccvc.org/Safety,True,False,,
https://www.abcap.net/careers.html,True,False,,
https://www.abccvc.org/ABC/ABC-CVC-Board-of-Directors,True,False,,
https://www.abcap.net/southern-buckeye-safety-council.html,True,False,,
https://www.abccvc.org/ABC/Contact-Us,True,False,,
https://www.abccvc.org/ABC/Mission-Statement,True,False,,
https://www.abccvc.org/ABC/Staff,True,False,,
https://www.abcap.net/adams-brown-mobility.html,True,False,,
https://www.abccvc.org/ABC/About-Us,True,False,,
https://www.abccvc.org/,True,False,,
https://www.abccvc.org/ABC/status/404?OriginalUrl=default.aspx?tabid=13246,True,False,,
https://www.abcap.net/home-relief-program.html,True,False,,
https://www.abcap.net/,True,False,,
https://abatemn.org/contact,True,False,,
https://www.abcap.net/recycling-services.html,True,False,,
https://www.abcap.net/clinic-and-wic.html,True,False,,
https://www.abcap.net/ada.html,True,False,,
https://www.abcap.net/title-vi-complaint-form.html,True,False,,
https://www.abcap.net/services-for-seniors.html,True,False,,
https://www.abcap.net/business-department.html,True,False,,
https://abatemn.org/event-tickets,True,False,,
https://www.abcap.net/employment--training-services.html,True,False,,
https://www.abcap.net/housing-services.html,True,False,,
https://www.abcap.net/early-head-start.html,True,False,,
https://www.abcap.net/home-energy-services.html,True,False,,
https://www.abcap.net/head-start.html,True,False,,
https://www.abcap.net/early-intervention.html,True,False,,
https://abatemn.org/node/75,False,,,<twisted.python.failure.Failure scrapy.spidermiddlewares.httperror.HttpError: Ignoring non-200 response>
https://www.abcap.net/early-childhood-services.html,True,False,,
https://www.abcap.net/services.html,True,False,,
https://www.abcap.net/about.html,True,False,,
https://abatemn.org/newsletter-signup2,True,False,,
https://abatemn.org/list-of-events,True,False,,
https://abatemn.org/contact-us,True,False,,
https://abatemn.org/node/157,True,False,,
https://abatemn.org/list-of-news-articles,True,False,,
https://abatemn.org/node/131,True,False,,
https://abatemn.org/road-noise-2020,True,False,,
https://abatemn.org/2021-road-noise,True,False,,
https://abatemn.org/2022-road-noise,True,False,,
https://abatemn.org/2023-road-noise,True,False,,
https://abatemn.org/2024-road-noise,True,False,,
https://abatemn.org/all-products,True,False,,
https://abatemn.org/node/102,True,False,,
https://abatemn.org/node/27,True,False,,
https://abatemn.org/node/30,True,False,,
https://abatemn.org/node/56,True,False,,
https://abatemn.org/node/26,True,False,,
https://abatemn.org/node/28,True,False,,
https://abatemn.org/node/34,True,False,,
https://abatemn.org/node/33,True,False,,
https://abatemn.org/node/175,True,False,,
https://abatemn.org/node/24,True,False,,
https://abatemn.org/node/137,True,False,,
https://abatemn.org/node/107,True,False,,
https://abatemn.org/node/20,True,False,,
https://abatemn.org/node/176,True,False,,
https://abatemn.org/node/23,True,False,,
https://abatemn.org/node/22,True,False,,
https://abatemn.org/node/18,True,False,,
https://abatemn.org/,True,False,,
https://abatemn.org/gambling-request-form,True,False,,
https://abatemn.org/node/209,True,False,,
https://abatemn.org/node/21,True,False,,
https://abatemn.org/node/122,True,False,,
https://able-inc.org/acceptable-use/,True,False,,
https://abatemn.org/node/141,True,False,,
https://abatemn.org/profiling-form,True,False,,
https://abatemn.org/legislation/mn-laws-regs/vertical-plate-law,True,False,,
https://abatemn.org/legislation/mn-laws-regs/mn-equal-access-motorclists-statute,True,False,,
https://abatemn.org/legislation/mn-laws-regs/mn-red-light-law,True,False,,
https://abatemn.org/legislation/mn-laws-regs,True,False,,
https://abatemn.org/legislation/earn-your-right-ride,True,False,,
https://abatemn.org/node/4,True,False,,
https://abatemn.org/node/9,True,False,,
https://able-inc.org/,True,False,,
https://abatemn.org/node/10,True,False,,
https://www.abchouston.org/osha-partnership/,True,False,,
https://abatemn.org/join-abate-now,True,False,,
https://able-inc.org/terms-of-service/,True,False,,
https://able-inc.org/privacy-policy/,True,False,,
https://www.abchouston.org/recognition-programs/,True,False,,
https://able-inc.org/accessibility/,True,False,,
https://able-inc.org/annual-appeal/,True,False,,
https://able-inc.org/june-2024-newsletter/,True,False,,
https://able-inc.org/meet-lee-walraven/,True,False,,
https://able-inc.org/contact-us/,True,False,,
https://able-inc.org/news-events/,True,False,,
https://able-inc.org/get-involved/,True,False,,
https://able-inc.org/donate/,True,False,,
https://able-inc.org/careers/,True,False,,
https://able-inc.org/services/,True,False,,
https://www.abchouston.org/,True,False,,
https://able-inc.org/about-us/,True,False,,
https://www.abchouston.org/scholarship-application/,True,False,,
https://www.abchouston.org/leadership/,True,False,,
https://www.abchouston.org/schools-training/,True,False,,
https://www.abchouston.org/workforce-development/,True,False,,
https://www.abchouston.org/pac/,True,False,,
https://www.abchouston.org/government-affairs/,True,False,,
https://www.abchouston.org/excellence-in-construction/,True,False,,
https://www.abchouston.org/events-old/,True,False,,
https://www.abchouston.org/member-benefits/,True,False,,
https://www.abchouston.org/join-abc/,True,False,,
https://www.abchouston.org/membership/,True,False,,
https://www.abchouston.org/committees/,True,False,,
https://abcinc.org/programs/employer-of-record-services/,False,,,<twisted.python.failure.Failure scrapy.spidermiddlewares.httperror.HttpError: Ignoring non-200 response>
https://abcinc.org/programs/ai/,False,,,<twisted.python.failure.Failure scrapy.spidermiddlewares.httperror.HttpError: Ignoring non-200 response>
https://abcinc.org/programs/,False,,,<twisted.python.failure.Failure scrapy.spidermiddlewares.httperror.HttpError: Ignoring non-200 response>
https://abcinc.org/business-services/,False,,,<twisted.python.failure.Failure scrapy.spidermiddlewares.httperror.HttpError: Ignoring non-200 response>
https://abcinc.org/news/inside-abc-newsletter/,False,,,<twisted.python.failure.Failure scrapy.spidermiddlewares.httperror.HttpError: Ignoring non-200 response>
https://abcinc.org/history-of-abc/title-vi-civil-rights/title-iv-civil-rights-complaint-form/,False,,,<twisted.python.failure.Failure scrapy.spidermiddlewares.httperror.HttpError: Ignoring non-200 response>
https://abcinc.org/history-of-abc/participant-policies-under-245d/,False,,,<twisted.python.failure.Failure scrapy.spidermiddlewares.httperror.HttpError: Ignoring non-200 response>
https://abcinc.org/history-of-abc/contact-abc/,False,,,<twisted.python.failure.Failure scrapy.spidermiddlewares.httperror.HttpError: Ignoring non-200 response>
https://www.abchouston.org/about-us/,True,False,,
https://www.abchouston.org/2025-board-of-directors-application/,True,False,,
https://www.abchouston.org/events/,True,False,,
https://www.academyservicescorp.org/author/gfenster/,True,False,,
https://accdc.org/privacy-policy/,True,False,,
https://acapnj.org/give/,True,False,,
https://www.abundantlivingministries.org/sitemap,True,False,,
https://accessenergycoop.com/?page=1,True,False,,
https://aces.wnba.com/photos/aces-basketball-clinic-at-victoria-fertitta-middle-school-january-30-2024/,True,False,,
https://www.access-psychology.org/privacy-policy/,True,False,,
https://www.accisnet.org/index.php?option=com_jevents&Itemid=1&task=month.calendar,True,False,,
https://www.accessabilitywi.org/,True,False,,
https://www.abundantlivingministries.org/pa-web-marketing-design,True,False,,
https://www.acecaz.org/2022-pac-sweeptakes,True,False,,
https://www.accessabilitywi.org/about-us,True,False,,
https://acc-ef.org/hse/legal/privacy-policy.html,True,False,,
https://www.acecaz.org/blog,True,False,,
https://www.abga.org/magazine-and-media,True,False,,
https://acc-ef.org/cms/login,True,False,,
https://www.accessabilitywi.org/10th-anniversary-sponsors-thank-you,True,False,,
https://acc-ef.org/foundation/legal/privacy-policy.html,True,False,,
https://www.acecaz.org/post/prop-479-educational-breakfast-event,True,False,,
https://acc-ef.org/foundation/legal/terms-use.html,True,False,,
https://www.accessabilitywi.org/goals-stats,True,False,,
https://www.accessabilitywi.org/serving-older-adults,True,False,,
https://www.accisnet.org/member-benefits,True,False,,
https://www.acecaz.org/post/research-institute-study-lump-sum-contracting-benefits-firms-clients,True,False,,
https://www.accisnet.org/sponsors,True,False,,
https://www.accisnet.org/accis-awards,True,False,,
https://www.accisnet.org/admitall-blog,True,False,,
https://www.accessabilitywi.org/testimonials,True,False,,
https://www.accisnet.org/news-info,True,False,,
https://www.accisnet.org/member-directory,True,False,,
https://www.accessabilitywi.org/news,True,False,,
https://www.accisnet.org/commitment-to-antiracist-action,True,False,,
https://www.accisnet.org/index.php?option=com_mclogin&view=mclogin&return=aHR0cHM6Ly93d3cuYWNjaXNuZXQub3JnL2RhdGEtdHJlbmRzLWFuZC1hbmFseXRpY3M/c2VydklkPTg1ODA=,True,False,,
https://www.accisnet.org/index.php?option=com_mclogin&view=mclogin&return=aHR0cHM6Ly93d3cuYWNjaXNuZXQub3JnL21lbWJlcnMtb25seT9zZXJ2SWQ9ODU4MA==,True,False,,
https://www.accessabilitywi.org/legacy-gifts,True,False,,
https://www.accessabilitywi.org/locations,True,False,,
https://www.accisnet.org/diversity-equity-inclusion,True,False,,
https://www.accisnet.org/cancellation-and-refund-policy,True,False,,
https://www.accisnet.org/index.php?option=com_mclogin&view=mclogin&return=aHR0cHM6Ly93d3cuYWNjaXNuZXQub3JnL2RlLWktcmVzb3VyY2VzP3NlcnZJZD04NTgw,True,False,,
https://www.accisnet.org/summer-institute,True,False,,
https://www.accisnet.org/office-assistants-program,True,False,,
https://www.accisnet.org/new-directors-workshop,True,False,,
https://www.accessabilitywi.org/contact-us,True,False,,
https://www.accisnet.org/new-counselor-workshop,True,False,,
https://www.accisnet.org/new-counselor-webinars,True,False,,
https://www.accisnet.org/index.php?option=com_mclogin&view=mclogin&return=aHR0cHM6Ly93d3cuYWNjaXNuZXQub3JnL3Byb2dyYW1zLWFuZC1ldmVudHMtY2FsZW5kYXI/c2VydklkPTg1ODA=,True,False,,
https://www.accisnet.org/equity-innovation-summit,True,False,,
https://www.accisnet.org/colloquium,True,False,,
https://www.accisnet.org/blackberry-river-retreat,True,False,,
https://www.accisnet.org/programs,True,False,,
https://www.accessabilitywi.org/aaw-teams,True,False,,
https://www.accisnet.org/career-opportunities,True,False,,
https://www.accisnet.org/the-accis-360-review,True,False,,
https://www.accessabilitywi.org/event-opportunities,True,False,,
https://www.accisnet.org/accis-elists,True,False,,
https://www.accisnet.org/benefits,True,False,,
https://www.accisnet.org/,True,False,,
https://www.accessabilitywi.org/express-an-interest-form,True,False,,
https://acc-ef.org/foundation/legal/notice.html,True,False,,
https://acc-ef.org/foundation/why-give/donor-spotlight.html,True,False,,
https://www.accisnet.org/join,True,False,,
https://acc-ef.org/hse/student-spotlight/tracey.htmll,False,,,<twisted.python.failure.Failure scrapy.spidermiddlewares.httperror.HttpError: Ignoring non-200 response>
https://acc-ef.org/hse/student-spotlight/tracey.html,True,False,,
https://acc-ef.org/hse/programs.html,True,False,,
https://acc-ef.org/hse/programs/high-school-equivalency-academies.html,True,False,,
https://www.accisnet.org/contact-us,True,False,,
https://acc-ef.org/foundation.html,True,False,,
https://acc-ef.org/hse.html,True,False,,
https://www.accessabilitywi.org/communityengagement,True,False,,
https://www.accisnet.org/member-school-search,True,False,,
https://www.access-psychology.org/contact/,True,False,,
https://www.accisnet.org/accis-leadership,True,False,,
https://www.accisnet.org/founding-schools,True,False,,
https://www.accessabilitywi.org/programming,True,False,,
https://www.access-psychology.org/resources/,True,False,,
https://www.accisnet.org/about-us,True,False,,
https://www.access-psychology.org/donate/,True,False,,
https://www.accessabilitywi.org/peer-mentoring-action,True,False,,
https://www.accisnet.org/milestones,True,False,,
https://www.accessabilitywi.org/see-us-in-action,True,False,,
https://www.access-psychology.org/,True,False,,
https://achievebrowncounty.org/board-portal/,True,False,,
https://www.accisnet.org/login,True,False,,
https://www.access-psychology.org/sponsorship-opportunities/,True,False,,
https://achievebrowncounty.org/staff/,True,False,,
https://www.access-psychology.org/ways-to-give/,True,False,,
https://www.accessabilitywi.org/map,True,False,,
https://achievebrowncounty.org/our-story/,True,False,,
https://accis.memberclicks.net/index.php?option=com_mcform&view=ngforms&id=2092897,True,False,,
https://www.access-psychology.org/support-apf/,True,False,,
https://achievebrowncounty.org/category/news/,True,False,,
https://www.access-psychology.org/evidence-based-therapy/,True,False,,
https://achievebrowncounty.org/2024/09/03/reading-for-the-future-updates-news-august-2024/,True,False,,
https://www.access-psychology.org/mental-health-treatment/,True,False,,
https://achievebrowncounty.org/volunteer_or_become_a_partner/,True,False,,
https://www.accessabilitywi.org/events/10th-anniversary-celebration,True,False,,
https://www.access-psychology.org/training-programs/,True,False,,
https://achievebrowncounty.org/10-year-celebration/,True,False,,
https://www.access-psychology.org/schools-organizations/,True,False,,
https://achievebrowncounty.org/,True,False,,
https://accesscounselinginc.org:443/Terms.html,True,False,,
https://achievebrowncounty.org/rff-action-teams/,True,False,,
https://www.access-psychology.org/our-programs/,True,False,,
https://www.access-psychology.org/press-media/,True,False,,
https://accesscounselinginc.org:443/,True,False,,
https://accesscounselinginc.org:443/Privacy.html,True,False,,
https://achievebrowncounty.org/financials-and-reports/,True,False,,
https://achievebrowncounty.org/community-council/,True,False,,
https://accesscounselinginc.org:443/app/Account/Disclosures.aspx?type=2,True,False,,
https://www.access-psychology.org/about-us/,True,False,,
https://accesscounselinginc.org:443/AttorneyPortal.html,True,False,,
https://accesscounselinginc.org:443/app/Account/Disclosures.aspx?type=1,True,False,,
https://accesscounselinginc.org:443/app/Account/Login.aspx,True,False,,
https://accesscounselinginc.org:443/es/index.html,True,False,,
https://accesscounselinginc.org:443/Contact.html,True,False,,
https://accesscounselinginc.org:443/Faqs.html,True,False,,
https://accesscounselinginc.org:443/AboutUs.html,True,False,,
https://accesscounselinginc.org:443/index.html,True,False,,
https://accesscounselinginc.org/app/Account/CourseSelection.aspx,True,False,,
https://www.acecaz.org/members-2,True,False,,
https://www.access-psychology.org/our-team/,True,False,,
https://www.acecaz.org/post/election-update-industry-priorities-highlights-from-the-gacc-meeting,True,False,,
https://www.acecaz.org/groups,True,False,,
https://www.acecaz.org/contact-us,True,False,,
https://www.acecaz.org/history,True,False,,
https://www.acecaz.org/board-members,True,False,,
https://www.acecaz.org/,True,False,,
https://aces.wnba.com/photos/national-girls-women-in-sports-day-at-unlv-january-31-2024/,True,False,,
https://www.acecaz.org/about-us,True,False,,
https://www.acecaz.org/benefits-of-affiliate-membership,True,False,,
https://aces.wnba.com/news/,True,False,,
https://www.acecaz.org/benefits-of-regular-membership,True,False,,
https://www.acecaz.org/apply-for-membership,True,False,,
https://aces.wnba.com/news/game-preview-aces-magic-number-down-to-1-to-clinch-4-seed-3-seed-still-a-possibility/,True,False,,
https://aces.wnba.com/photos/,True,False,,
https://www.acecaz.org/members,True,False,,
https://aces.wnba.com/photos/aces-at-fever-september-13-2024/,True,False,,
https://aces.wnba.com/photos/aces-vs-sun-september-15-2024/,True,False,,
https://www.acecaz.org/roads-and-streets,True,False,,
https://aces.wnba.com/photos/aces-at-storm-september-17-2024/,True,False,,
https://aces.wnba.com/news/home-sweet-home-aces-take-up-residence-in-first-of-its-kind-wnba-practice-facility-team-headquarters/,True,False,,
https://www.acecaz.org/leap,True,False,,
https://aces.wnba.com/photos/2023-trophy-celebration-oct-18/,True,False,,
https://aces.wnba.com/news/president-biden-vice-president-harris-welcome-aces-to-white-house/,True,False,,
https://aces.wnba.com/photos/2024-aces-championship-ring-ceremony-may-14-2024/,True,False,,
https://www.acecaz.org/engineering-excellence-awards,True,False,,
https://aces.wnba.com/news/game-recap-aces-withstand-storm-comeback-to-clinch-at-least-the-no-4-seed-in-wnba-playoffs/,True,False,,
https://aces.wnba.com/photos/white-house-visit-may-9-2024/,True,False,,
https://www.acecaz.org/committees-and-liasons,True,False,,
https://aces.wnba.com/news/game-preview-final-playoff-seeding-still-at-stake-as-aces-host-wings-thursday-in-season-finale/,True,False,,
https://aces.wnba.com/entertainment/,True,False,,
https://www.acecaz.org/get-involved,True,False,,
https://aces.wnba.com/mua/,True,False,,
https://www.acecaz.org/general-8,True,False,,
https://aces.wnba.com/promotions/,True,False,,
https://aces.wnba.com/partners/,True,False,,
https://aces.wnba.com/the-ixs/,True,False,,
https://aces.wnba.com/clinics/,True,False,,
https://aces.wnba.com/community/,True,False,,
https://www.acecaz.org/file-share,True,False,,
https://www.acecaz.org/podcast,True,False,,
https://aces.wnba.com/suites/,True,False,,
https://www.acecaz.org/general-6,True,False,,
https://aces.wnba.com/premium/,True,False,,
https://aces.wnba.com/membership/,True,False,,
https://aces.wnba.com/tickets/,True,False,,
https://aces.wnba.com/watch-listen-stream/,True,False,,
https://www.acecaz.org/copy-of-resources,True,False,,
https://aces.wnba.com/,True,False,,
https://accountablemichigan.com/privacypolicy,True,False,,
https://aces.wnba.com/employment/,True,False,,
https://aces.wnba.com/notes/,True,False,,
https://aces.wnba.com/video/,True,False,,
https://aces.wnba.com/las-vegas-aces-in-the-2024-paris-olympic-games/,True,False,,
https://accountablemichigan.com/search,False,,,<twisted.python.failure.Failure scrapy.exceptions.IgnoreRequest: Forbidden by robots.txt>
https://accountablemichigan.com/,True,False,,
https://www.abundantlivingministries.org/newsletters,True,False,,
https://aces.wnba.com/2024-year-in-review-as-it-happens/,True,False,,
https://aces.wnba.com/2024-free-agency-draft-central/,True,False,,
https://aces.wnba.com/2023-24-aces-abroad-hub/,True,False,,
https://accountablemichigan.com/participate,True,False,,
https://aces.wnba.com/front-office/,True,False,,
https://accountablemichigan.com/news,True,False,,
https://aces.wnba.com/schedule/,True,False,,
https://aces.wnba.com/contact/,True,False,,
https://accountablemichigan.com/videos,True,False,,
https://www.abundantlivingministries.org/,True,False,,
https://aces.wnba.com/roster/,True,False,,
https://accountablemichigan.com/about,True,False,,
https://www.abundantlivingministries.org/guest-speaking,True,False,,
https://aces.wnba.com/stats/,True,False,,
https://accdc.org/photo-gallery/,True,False,,
https://www.abundantlivingministries.org/blog,True,False,,
https://accdc.org/boys-to-men/,True,False,,
https://www.abundantlivingministries.org/staff/christine-rainbow,True,False,,
https://www.abundantlivingministries.org/staff/lamarr-naomi-sensenig,True,False,,
https://accdc.org/discussion-and-new/,True,False,,
https://www.abundantlivingministries.org/staff/joe-linn-falvey,True,False,,
https://accdc.org/,True,False,,
https://www.abundantlivingministries.org/staff/john-sharon-charles,True,False,,
https://accdc.org/mentorship-programm/,True,False,,
https://www.abundantlivingministries.org/staff,True,False,,
https://www.abundantlivingministries.org/services,True,False,,
https://www.sportingnews.com/ca/nba?gr=www,True,False,,
https://www.abundantlivingministries.org/contact,True,False,,
https://accdc.org/training-and-development/,True,False,,
https://www.abundantlivingministries.org/faq,True,False,,
https://www.abundantlivingministries.org/history,True,False,,
https://accdc.org/sponsored-programs/,True,False,,
https://accdc.org/what-others-are-saying-about-our-programs/,True,False,,
https://www.abga.org/videos,True,False,,
https://accdc.org/charles-a-dixion/,True,False,,
https://accdc.org/carl-b-dixon/,True,False,,
https://accdc.org/faith-based-initiative-affiliate/,True,False,,
https://accdc.org/our-organization/,True,False,,
https://www.abga.org/boer-banners,True,False,,
https://www.abga.org/newsletter,True,False,,
https://www.abga.org/events/page/performance-testing,True,False,,
https://www.abga.org/events/page/animal-inspection,True,False,,
https://www.abga.org/events/page/show-points-charts,True,False,,
https://www.abga.org/events/sire-of-merit,True,False,,
https://www.abga.org/events/doe-of-excellence,True,False,,
https://www.abga.org/events/ennoblements,True,False,,
https://www.abga.org/show-class-calculator,True,False,,
https://www.abga.org/judges,True,False,,
https://www.abga.org/events/page/abga-sanctioned-show-program,True,False,,
https://www.abga.org/jabga/jabga-regional-show-rules,True,False,,
https://www.abga.org/abga-sanctioned-show-rules,True,False,,
https://www.abga.org/national-show,True,False,,
https://www.abga.org/the-boer-breed,True,False,,
https://www.abga.org/holiday-meat-marketing-calendar,True,False,,
https://www.abga.org/goat-care-and-management,True,False,,
https://www.abga.org/gestation-calculator,True,False,,
https://www.abga.org/breed-standards,True,False,,
https://www.abga.org/donate,True,False,,
https://www.abga.org/payment-center,True,False,,
https://www.abga.org/member-sales,True,False,,
https://www.abga.org/staff,True,False,,
https://www.abga.org/ambassador-of-the-breed,True,False,,
https://www.abga.org/affiliates,True,False,,
https://www.abga.org/governing-documents-2,True,False,,
https://www.abga.org/governing-documents/breed-standards,True,False,,
https://www.abga.org/governing-documents/policies,True,False,,
https://www.abga.org/governing-documents/code-of-ethics,True,False,,
https://www.abga.org/governing-documents/rules-and-regulations,True,False,,
https://www.abga.org/governing-documents/bylaws,True,False,,
https://www.abga.org/file-share,True,False,,
https://www.abga.org/governing-documents,True,False,,
https://www.abga.org/board-of-directors,True,False,,
https://www.abga.org/history,True,False,,
https://www.abga.org/tattoo-guidelines,True,False,,
https://www.abga.org/fees,True,False,,
https://www.abga.org/faq-frequently-asked-questions,True,False,,
https://www.abga.org/forms,True,False,,
https://www.abga.org/,True,False,,
https://acapnj.org/site-map/,True,False,,
https://acapnj.org/services-2/,True,False,,
https://www.abga.org/office-updates,True,False,,
https://acapnj.org/event-registration/,True,False,,
https://www.abga.org/2024-judges-certification-program,True,False,,
https://acapnj.org/acap-mailing-list-sign/,True,False,,
https://acapnj.org/event/freuds-last-session-a-theater-conference-on-relationships/,True,False,,
https://acapnj.org/event/fall-conference-from-breakdown-to-breakthrough-psychoanalytic-treatment-of-psychosis/,True,False,,
https://acapnj.org/winter-clinical-supervision/,True,False,,
https://acapnj.org/cdn-cgi/l/email-protection,True,False,,
https://acapnj.org/continuing-education-credits-for-mental-health-professionals-nurses-social-workers/,True,False,,
https://www.abga.org/dna,True,False,,
https://acapnj.org/admissions-advisor/,True,False,,
https://acapnj.org/528-2/,True,False,,
https://www.abga.org/membership-renewal,True,False,,
https://acapnj.org/directions-to-acap/,True,False,,
https://acapnj.org/?s=,True,False,,
https://acapnj.org/contact/,True,False,,
https://acapnj.org/annual-conference-2019/,True,False,,
https://acapnj.org/annual-conference-2021/,True,False,,
https://acapnj.org/archive/,True,False,,
https://acapnj.org/resources/,True,False,,
https://acapnj.org/acap-partnering-programs/,True,False,,
https://acapnj.org/research-publications/,True,False,,
https://www.abga.org/join-abga,True,False,,
https://acapnj.org/543-2/,True,False,,
https://acapnj.org/acap-blog/,True,False,,
https://acapnj.org/news-2/,True,False,,
https://acapnj.org/istrive-launch-party-gallery/,True,False,,
https://acapnj.org/istrive/mental_health_professionals/,True,False,,
https://acapnj.org/istrive/istrive-community/,True,False,,
https://acapnj.org/istrive/istrive-parent-portal/,True,False,,
https://acapnj.org/istrive_updates/,True,False,,
https://acapnj.org/istrive-program-goals/,True,False,,
https://www.abga.org/contact,True,False,,
https://acapnj.org/north-jersey-consultation-center-njcc/,True,False,,
https://acapnj.org/istrive/,True,False,,
https://acapnj.org/treatment/,True,False,,
https://acapnj.org/ce-information/,True,False,,
https://acapnj.org/workshops-seminars-continuing-education/,True,False,,
https://acapnj.org/grant-funded-programs-at-acap/,True,False,,
https://acapnj.org/admissions-for-the-academy-of-clinical-and-applied-psychoanalysis/,True,False,,
https://acapnj.org/trauma-resilience-studies/,True,False,,
https://www.abga.org/icompete,True,False,,
https://acapnj.org/one-year-program-modern-psychoanalytic-studies/,True,False,,
https://acapnj.org/psychoanalytic-certificate-program/,True,False,,
https://acapnj.org/courses/,True,False,,
https://acapnj.org/programs/,True,False,,
https://acapnj.org/distance-learning/,True,False,,
https://acapnj.org/applied-division/,True,False,,
https://acapnj.org/,True,False,,
https://acapnj.org/student-of-the-month/,True,False,,
https://www.academyservicescorp.org/contact/,True,False,,
https://acapnj.org/acaps-faculty/,True,False,,
https://acapnj.org/acap-library-2/,True,False,,
https://acapnj.org/acaps-strengths/,True,False,,
https://www.academyservicescorp.org/,True,False,,
https://acapnj.org/about-us/,True,False,,
https://accessenergycoop.com/signing-paperless-billing-could-win-you-50-bill-credit,True,False,,
https://acapnj.org/about/,True,False,,
https://www.abga.org/boer-goat-nation,True,False,,
https://www.academyservicescorp.org/giving/,True,False,,
https://www.abga.org/meet-jabga-president-madison-reis,True,False,,
https://www.academyservicescorp.org/finances/,True,False,,
https://accessenergycoop.com/2024-annual-meeting-and-election-report,True,False,,
https://www.academyservicescorp.org/management/,True,False,,
https://www.academyservicescorp.org/board-of-directors/,True,False,,
https://www.academyservicescorp.org/assisted-living/,True,False,,
https://www.abga.org/open-meeting-9-10-2024,True,False,,
https://accessenergycoop.com/help-others-need-recare,True,False,,
https://accessenergycoop.com/2024-annual-meeting-recap,True,False,,
https://www.abga.org/open-meeting-9-19-2024,True,False,,
https://accessenergycoop.com/frequently-asked-questions,True,False,,
https://accessenergycoop.com/blinking-lights,True,False,,
https://accessenergycoop.com/tree-trimming,True,False,,
https://accessenergycoop.com/maintenance-programs,True,False,,
https://accessenergycoop.com/restoring-power,True,False,,
https://accessenergycoop.com/wind-faqs,True,False,,
https://accessenergycoop.com/outage-center,True,False,,
https://accessenergycoop.com/ten-steps-wind-systems,True,False,,
https://accessenergycoop.com/co-generation-connection-requirements,True,False,,
https://www.abga.org/events,True,False,,
https://accessenergycoop.com/small-wind-systems,True,False,,
https://accessenergycoop.com/questions-ask-vendors,True,False,,
https://accessenergycoop.com/wind-energy-info,True,False,,
https://accessenergycoop.com/solar-energy-generation,True,False,,
https://accessenergycoop.com/environmental-partners,True,False,,
https://accessenergycoop.com/programs-help-you-save-energy,True,False,,
https://accessenergycoop.com/electric-vehicles,True,False,,
https://accessenergycoop.com/access-green-energy-program,True,False,,
https://accessenergycoop.com/rebates-and-low-interest-loans,True,False,,
https://accessenergycoop.com/together-we-save,True,False,,
https://www.abga.org/2025-national-show-location,True,False,,
https://accessenergycoop.com/recare,True,False,,
https://accessenergycoop.com/photo-contest,True,False,,
https://accessenergycoop.com/international-assistance,True,False,,
https://accessenergycoop.com/revolving-loan-fund,True,False,,
https://accessenergycoop.com/economic-development,True,False,,
https://accessenergycoop.com/current-legislative-issues,True,False,,
https://www.abga.org/category/all-products,True,False,,
https://accessenergycoop.com/safety-demonstrations,True,False,,
https://accessenergycoop.com/teachers-zone,True,False,,
https://accessenergycoop.com/science-history-safety-and-energy-conservation,True,False,,
https://accessenergycoop.com/youth-tour-contest,True,False,,
https://accessenergycoop.com/discount-card-co-op-connections,True,False,,
https://accessenergycoop.com/summer-work-and-internships,True,False,,
https://accessenergycoop.com/call-you-dig,True,False,,
https://accessenergycoop.com/lineworker-scholarship-application,True,False,,
https://accessenergycoop.com/access-energy-cooperative-scholarship-program,True,False,,
https://accessenergycoop.com/grain-bin-clearance,True,False,,
https://accessenergycoop.com/safety-equipment,True,False,,
https://www.abga.org/jabga,True,False,,
https://accessenergycoop.com/questline,True,False,,
https://accessenergycoop.com/safety-tips,True,False,,
https://accessenergycoop.com/thermal-imaging,True,False,,
https://accessenergycoop.com/business-energy-audits,True,False,,
https://accessenergycoop.com/power-quality,True,False,,
https://accessenergycoop.com/rates-commercial-industrial,True,False,,
https://accessenergycoop.com/business-rebates,True,False,,
https://accessenergycoop.com/energy-saving-ideas,True,False,,
https://accessenergycoop.com/energy-audits,True,False,,
https://accessenergycoop.com/low-interest-financing-energy-efficiency-improvements,True,False,,
https://accessenergycoop.com/products-available,True,False,,
https://accessenergycoop.com/residential-rebates,True,False,,
https://accessenergycoop.com/your-meter,True,False,,
https://accessenergycoop.com/rates,True,False,,
https://accessenergycoop.com/what-electrical-equipment-member-responsible,True,False,,
https://accessenergycoop.com/ia-energy-assist-program-liheap,True,False,,
https://accessenergycoop.com/movingaddress-changes,True,False,,
https://accessenergycoop.com/demand-calculator-single-phase-rate-class,True,False,,
https://accessenergycoop.com/understanding-demand,True,False,,
https://accessenergycoop.com/troubleshooting-your-bill,True,False,,
https://accessenergycoop.com/understanding-your-bill,True,False,,
https://accessenergycoop.com/what-is-smarthub,True,False,,
https://accessenergycoop.com/payment-drop-box,True,False,,
https://accessenergycoop.com/creditdebit-card-payments,True,False,,
https://accessenergycoop.com/budget-billing,True,False,,
https://accessenergycoop.com/bank-draft,True,False,,
https://accessenergycoop.com/new-member-info,True,False,,
https://accessenergycoop.com/what-does-it-mean-be-member,True,False,,
https://accessenergycoop.com/treasure-hunt,True,False,,
https://accessenergycoop.com/dividends,True,False,,
https://accessenergycoop.com/Posts,True,False,,
https://accessenergycoop.com/statement-nondiscrimination,True,False,,
https://accessenergycoop.com/rights-and-remedies,True,False,,
https://accessenergycoop.com/privacy-policy,True,False,,
https://accessenergycoop.com/identity-theft-protection,True,False,,
https://accessenergycoop.com/e-business-privacy-policy,True,False,,
https://accessenergycoop.com/laws,True,False,,
https://accessenergycoop.com/,True,False,,
https://accessenergycoop.com/articles-incorporation,True,False,,
https://achievebrowncounty.org/2024/06/04/summer-2024-cradle-to-career-newsletter/,False,,,<twisted.python.failure.Failure scrapy.spidermiddlewares.httperror.HttpError: Ignoring non-200 response>
https://achievebrowncounty.org/2024/08/01/the-right-to-read-film-shedding-light-on-reading-crisis/,False,,,<twisted.python.failure.Failure scrapy.spidermiddlewares.httperror.HttpError: Ignoring non-200 response>
https://achievebrowncounty.org/category/reading-for-the-future/,False,,,<twisted.python.failure.Failure scrapy.spidermiddlewares.httperror.HttpError: Ignoring non-200 response>
https://achievebrowncounty.org/category/newsletters/,False,,,<twisted.python.failure.Failure scrapy.spidermiddlewares.httperror.HttpError: Ignoring non-200 response>
https://achievebrowncounty.org/our-pillars/#Shared-Vision,False,,,<twisted.python.failure.Failure scrapy.spidermiddlewares.httperror.HttpError: Ignoring non-200 response>
https://achievebrowncounty.org/contact-us/,False,,,<twisted.python.failure.Failure scrapy.spidermiddlewares.httperror.HttpError: Ignoring non-200 response>
https://achievebrowncounty.org/ways-to-invest,False,,,<twisted.python.failure.Failure scrapy.spidermiddlewares.httperror.HttpError: Ignoring non-200 response>
https://achievebrowncounty.org/the-right-to-read,False,,,<twisted.python.failure.Failure scrapy.spidermiddlewares.httperror.HttpError: Ignoring non-200 response>
https://achievebrowncounty.org/volunteer_or_become_a_partner,False,,,<twisted.python.failure.Failure scrapy.spidermiddlewares.httperror.HttpError: Ignoring non-200 response>
https://achievebrowncounty.org/blog/,False,,,<twisted.python.failure.Failure scrapy.spidermiddlewares.httperror.HttpError: Ignoring non-200 response>
https://achievebrowncounty.org/reading-for-the-future/,False,,,<twisted.python.failure.Failure scrapy.spidermiddlewares.httperror.HttpError: Ignoring non-200 response>
https://achievebrowncounty.org/view-the-data,False,,,<twisted.python.failure.Failure scrapy.spidermiddlewares.httperror.HttpError: Ignoring non-200 response>
https://achievebrowncounty.org/collective-impact-approach/,False,,,<twisted.python.failure.Failure scrapy.spidermiddlewares.httperror.HttpError: Ignoring non-200 response>
https://achievebrowncounty.org/staff,False,,,<twisted.python.failure.Failure scrapy.spidermiddlewares.httperror.HttpError: Ignoring non-200 response>
https://achievebrowncounty.org/board-of-directors/,False,,,<twisted.python.failure.Failure scrapy.spidermiddlewares.httperror.HttpError: Ignoring non-200 response>
https://achievebrowncounty.org/our-partners/,False,,,<twisted.python.failure.Failure scrapy.spidermiddlewares.httperror.HttpError: Ignoring non-200 response>
https://accessenergycoop.com/employment-opportunities,True,False,,
https://accessenergycoop.com/touchstone-energy-cooperatives,True,False,,
https://accessenergycoop.com/where-does-your-power-come,True,False,,
https://accessenergycoop.com/election-directors,True,False,,
https://accessenergycoop.com/history-co-ops,True,False,,
https://accessenergycoop.com/cooperative-principles,True,False,,
https://accessenergycoop.com/annual-meeting-members,True,False,,
https://accessenergycoop.com/service-area,True,False,,
https://accessenergycoop.com/monthly-magazine,True,False,,
https://accessenergycoop.com/how-run-seat-board-directors,True,False,,
https://accessenergycoop.com/board-directors,True,False,,
https://accessenergycoop.com/about-us,True,False,,
https://accessenergycoop.com/contact-us,True,False,,
https://accessenergycoop.com/our-staff,True,False,,
https://www.aclukansas.org/en/statement-on-website-accessibility,True,False,,
https://www.acf-foresters.org/event-calendar,True,False,,
https://activecentralmn.org/,True,False,,
https://www.aclukansas.org/en/privacy-statement,True,False,,
https://www.acf-foresters.org/index.php?option=com_content&view=article&id=42:association-news&catid=23:latest-news&Itemid=134,True,False,,
https://activemeditation.org/disclaimer/,True,False,,
https://acornclinic.org/contact-2/,True,False,,
https://www.acf-foresters.org/index.php?option=com_jevents&Itemid=127&task=year.listevents,True,False,,
https://activemeditation.org/terms-and-conditions/,True,False,,
https://www.acf-foresters.org/index.php?option=com_jevents&task=icalrepeat.detail&evid=39&Itemid=127&year=2025&month=02&day=21&title=acf-western-regional-conference&uid=a06133a38833888d6a8168f00bbbf459,True,False,,
https://activecentralmn.org/about/,True,False,,
https://acornclinic.org/testimonials/,True,False,,
https://activemeditation.org/privacy-policy/,True,False,,
https://activemeditation.org/post/sleep-better-with-meditation-and-binaural-beats/,True,False,,
https://www.acf-foresters.org/index.php?option=com_jevents&task=icalrepeat.detail&evid=40&Itemid=127&year=2024&month=10&day=17&title=south-carolina-chapter-meeting&uid=228c1acc3a6d038fd5732af822f09c12,True,False,,
https://activemeditation.org/post/can-meditation-help-with-anxiety-stress-and-depression/,True,False,,
https://activecentralmn.org/community/,True,False,,
https://acirfound.org/service/promoting-womens-entrepreneurship/,True,False,,
https://www.acf-foresters.org/use-policy,True,False,,
https://acornclinic.org/donate/,True,False,,
https://acirfound.org/service/regional-connectivity-ecosystem-building-south-asia-connect/,True,False,,
https://acpmp.org/connect/,False,,,<twisted.python.failure.Failure scrapy.spidermiddlewares.httperror.HttpError: Ignoring non-200 response>
https://acirfound.org/service/nexus-startup-hub/,True,False,,
https://acpmp.org/about-us/legal-disclaimer/,False,,,<twisted.python.failure.Failure scrapy.spidermiddlewares.httperror.HttpError: Ignoring non-200 response>
https://acpmp.org/patients-sign-up,False,,,<twisted.python.failure.Failure scrapy.spidermiddlewares.httperror.HttpError: Ignoring non-200 response>
https://acpmp.org/physicians-sign-up,False,,,<twisted.python.failure.Failure scrapy.spidermiddlewares.httperror.HttpError: Ignoring non-200 response>
https://acpmp.org/event/2024-annual-virtual-appendix-cancer-multi-regional-symposium/,True,False,,
https://acpmp.org/event/2nd-annual-kicking-appendix-cancer-in-the-cornhole-tournament/,False,,,<twisted.python.failure.Failure scrapy.spidermiddlewares.httperror.HttpError: Ignoring non-200 response>
https://acpmp.org/event/arod-strong-kickball-tournament-bbq/,False,,,<twisted.python.failure.Failure scrapy.spidermiddlewares.httperror.HttpError: Ignoring non-200 response>
https://acpmp.org/partnership-with-mypart-network-at-the-u-s-national-cancer-institutes-center-for-cancer-research/,False,,,<twisted.python.failure.Failure scrapy.spidermiddlewares.httperror.HttpError: Ignoring non-200 response>
https://acpmp.org/?campaign=554658,False,,,<twisted.python.failure.Failure scrapy.spidermiddlewares.httperror.HttpError: Ignoring non-200 response>
https://acpmp.org/volunteer-today/,False,,,<twisted.python.failure.Failure scrapy.spidermiddlewares.httperror.HttpError: Ignoring non-200 response>
https://acpmp.org/about-us/committees/,False,,,<twisted.python.failure.Failure scrapy.spidermiddlewares.httperror.HttpError: Ignoring non-200 response>
https://acpmp.org/get-involved/social-media-fundraisers/,False,,,<twisted.python.failure.Failure scrapy.spidermiddlewares.httperror.HttpError: Ignoring non-200 response>
https://acpmp.org/get-involved/hold-a-fundraiser/,False,,,<twisted.python.failure.Failure scrapy.spidermiddlewares.httperror.HttpError: Ignoring non-200 response>
https://acpmp.org/get-involved/matching-donations/,False,,,<twisted.python.failure.Failure scrapy.spidermiddlewares.httperror.HttpError: Ignoring non-200 response>
https://acpmp.org/get-involved/donate/,False,,,<twisted.python.failure.Failure scrapy.spidermiddlewares.httperror.HttpError: Ignoring non-200 response>
https://acpmp.org/get-involved/,False,,,<twisted.python.failure.Failure scrapy.spidermiddlewares.httperror.HttpError: Ignoring non-200 response>
https://acpmp.org/connect/tributes/,True,False,,
https://acpmp.org/connect/video-submission/,False,,,<twisted.python.failure.Failure scrapy.spidermiddlewares.httperror.HttpError: Ignoring non-200 response>
https://acpmp.org/patients/patient-stories/,False,,,<twisted.python.failure.Failure scrapy.spidermiddlewares.httperror.HttpError: Ignoring non-200 response>
https://acpmp.org/connect/email-signup/,False,,,<twisted.python.failure.Failure scrapy.spidermiddlewares.httperror.HttpError: Ignoring non-200 response>
https://acpmp.org/connect/contact-us/,False,,,<twisted.python.failure.Failure scrapy.spidermiddlewares.httperror.HttpError: Ignoring non-200 response>
https://acpmp.org/event-photos/,False,,,<twisted.python.failure.Failure scrapy.spidermiddlewares.httperror.HttpError: Ignoring non-200 response>
https://acpmp.org/about-appendix-cancer/educational-programs/,False,,,<twisted.python.failure.Failure scrapy.spidermiddlewares.httperror.HttpError: Ignoring non-200 response>
https://acpmp.org/events/past-events/,False,,,<twisted.python.failure.Failure scrapy.spidermiddlewares.httperror.HttpError: Ignoring non-200 response>
https://acpmp.org/august/appendix-cancer-awareness-month/,False,,,<twisted.python.failure.Failure scrapy.spidermiddlewares.httperror.HttpError: Ignoring non-200 response>
https://acpmp.org/events/upcoming-events/,False,,,<twisted.python.failure.Failure scrapy.spidermiddlewares.httperror.HttpError: Ignoring non-200 response>
https://acpmp.org/research/published-research/,False,,,<twisted.python.failure.Failure scrapy.spidermiddlewares.httperror.HttpError: Ignoring non-200 response>
https://acpmp.org/patients/acpmp-patient-registry/,False,,,<twisted.python.failure.Failure scrapy.spidermiddlewares.httperror.HttpError: Ignoring non-200 response>
https://acpmp.org/patients/tissue-donation/,False,,,<twisted.python.failure.Failure scrapy.spidermiddlewares.httperror.HttpError: Ignoring non-200 response>
https://acpmp.org/research/clinical-trials/,False,,,<twisted.python.failure.Failure scrapy.spidermiddlewares.httperror.HttpError: Ignoring non-200 response>
https://acpmp.org/research/research-grants-awarded/,False,,,<twisted.python.failure.Failure scrapy.spidermiddlewares.httperror.HttpError: Ignoring non-200 response>
https://acpmp.org/research/research-grant-program/,False,,,<twisted.python.failure.Failure scrapy.spidermiddlewares.httperror.HttpError: Ignoring non-200 response>
https://acpmp.org/connect/acpmp-videos/,False,,,<twisted.python.failure.Failure scrapy.spidermiddlewares.httperror.HttpError: Ignoring non-200 response>
https://acpmp.org/connect/patient-support/,False,,,<twisted.python.failure.Failure scrapy.spidermiddlewares.httperror.HttpError: Ignoring non-200 response>
https://acpmp.org/,True,False,,
https://acpmp.org/patients/,False,,,<twisted.python.failure.Failure scrapy.spidermiddlewares.httperror.HttpError: Ignoring non-200 response>
https://acpmp.org/patients/find-a-specialist/,True,False,,
https://acpmp.org/patients/new-patient-guide/,False,,,<twisted.python.failure.Failure scrapy.spidermiddlewares.httperror.HttpError: Ignoring non-200 response>
https://acpmp.org/about-appendix-cancer/helpful-links/,False,,,<twisted.python.failure.Failure scrapy.spidermiddlewares.httperror.HttpError: Ignoring non-200 response>
https://acpmp.org/about-appendix-cancer/acpmp-blog/,False,,,<twisted.python.failure.Failure scrapy.spidermiddlewares.httperror.HttpError: Ignoring non-200 response>
https://acirfound.org/contact-us/,True,False,,
https://acpmp.org/about-appendix-cancer/glossary/,False,,,<twisted.python.failure.Failure scrapy.spidermiddlewares.httperror.HttpError: Ignoring non-200 response>
https://acpmp.org/about-appendix-cancer/,True,False,,
https://acirfound.org/,True,False,,
https://acpmp.org/careers/,False,,,<twisted.python.failure.Failure scrapy.spidermiddlewares.httperror.HttpError: Ignoring non-200 response>
https://acirfound.org/news/,True,False,,
https://acpmp.org/about-us/donor-confidence/,False,,,<twisted.python.failure.Failure scrapy.spidermiddlewares.httperror.HttpError: Ignoring non-200 response>
https://acpmp.org/about-us/scientific-advisory-board/,False,,,<twisted.python.failure.Failure scrapy.spidermiddlewares.httperror.HttpError: Ignoring non-200 response>
https://acornclinic.org/,True,False,,
https://activecentralmn.org/events/big-lake-graniteman-triathlon/,True,False,,
https://acpmp.org/about-us/medical-advisory-board/,False,,,<twisted.python.failure.Failure scrapy.spidermiddlewares.httperror.HttpError: Ignoring non-200 response>
https://acornclinic.org/volunteer-2/,True,False,,
https://acirfound.org/network/,True,False,,
https://acpmp.org/about-us/staff/,False,,,<twisted.python.failure.Failure scrapy.spidermiddlewares.httperror.HttpError: Ignoring non-200 response>
https://activecentralmn.org/events/clearwater-graniteman-triathlon/,True,False,,
https://acpmp.org/about-us/board-of-directors/,False,,,<twisted.python.failure.Failure scrapy.spidermiddlewares.httperror.HttpError: Ignoring non-200 response>
https://acpmp.org/about-us/,False,,,<twisted.python.failure.Failure scrapy.spidermiddlewares.httperror.HttpError: Ignoring non-200 response>
https://activecentralmn.org/events/buffalo-graniteman-triathlon/,True,False,,
https://aciint.org/contact/,True,False,,
https://acirfound.org/our-work/,True,False,,
https://aciint.org/,True,False,,
https://activecentralmn.org/events/apple-multisport-festival/,True,False,,
https://acpmp.org/about-us/welcome/,False,,,<twisted.python.failure.Failure scrapy.spidermiddlewares.httperror.HttpError: Ignoring non-200 response>
https://activemeditation.org/post/mindfulness-and-meditation-heres-how-they-work-and-why-they-are-so-beneficial/,True,False,,
https://activemeditation.org/post/binaural-beats-enhanced-meditation-mindfulness-and-sleep/,True,False,,
https://activecentralmn.org/events/earth-day-run/,True,False,,
https://activemeditation.org/producers/,True,False,,
https://acpmp.org/shop/,False,,,<twisted.python.failure.Failure scrapy.spidermiddlewares.httperror.HttpError: Ignoring non-200 response>
https://activemeditation.org/dr-leichtman/,True,False,,
https://acirfound.org/about-us/,True,False,,
https://activemeditation.org/about/,True,False,,
https://acpmp.org/help-us/donate/,False,,,<twisted.python.failure.Failure scrapy.spidermiddlewares.httperror.HttpError: Ignoring non-200 response>
https://activemeditation.org/articles/,True,False,,
https://activemeditation.org/sleep-meditations/,True,False,,
https://activemeditation.org/daily-meditations/,True,False,,
https://activemeditation.org/binaural-beats/,True,False,,
https://activemeditation.org/the-inner-critic/,True,False,,
https://activemeditation.org/,True,False,,
https://activemeditation.org/how-not-to-be-miserable/,True,False,,
https://activemeditation.org/coping-with-chaos/,True,False,,
https://activemeditation.org/betrayal/,True,False,,
https://activemeditation.org/a-course-in-miracles/,True,False,,
https://activecentralmn.org/events/,True,False,,
https://activemeditation.org/the-essential-course/,True,False,,
https://aciint.org/testimonies/,True,False,,
https://activemeditation.org/master-course/,True,False,,
https://acornclinic.org/about/frequently-asked-questions/,True,False,,
https://aciint.org/giving/,True,False,,
https://acornclinic.org/about/,True,False,,
https://aciint.org/apply/,True,False,,
https://aciint.org/ministries/,True,False,,
https://aciint.org/board-of-directors/,True,False,,
https://acornclinic.org/patients/,True,False,,
https://www.achildbecomes.org/,True,False,,
https://www.achildbecomes.org/school-calendar/,True,False,,
https://www.aclukansas.org/en/user-agreement,True,False,,
https://action.aclu.org/give/support-aclu-kansas,True,False,,
https://www.aclukansas.org/en/cases/progeny-et-al-v-city-wichita-et-al,True,False,,
https://www.achildbecomes.org/testimonials-2/,True,False,,
https://www.aclukansas.org/en/press-releases/judge-grants-preliminary-approval-settlement-wichita-gang-list-challenge,True,False,,
https://www.aclukansas.org/en/press-releases/judge-grants-final-approval-settlement-wichita-gang-list-challenge,True,False,,
https://www.aclukansas.org/en/press-releases/voter-assistance-hotline-kansans-available-primary-and-general-election,True,False,,
https://www.aclukansas.org/en/node/1694/,False,,,<twisted.python.failure.Failure scrapy.spidermiddlewares.httperror.HttpError: Ignoring non-200 response>
https://www.aclukansas.org/en/node/1761,False,,,<twisted.python.failure.Failure scrapy.spidermiddlewares.httperror.HttpError: Ignoring non-200 response>
https://www.achildbecomes.org/parent-portal/,True,False,,
https://www.aclukansas.org/en/know-your-rights/understanding-2024-wichita-gang-database-settlement,True,False,,
https://www.aclukansas.org/en/node/1577/,True,False,,
https://www.aclukansas.org/en/restore-my-vote-voting-after-felony-kansas,True,False,,
https://www.achildbecomes.org/contact-us/,True,False,,
https://www.aclukansas.org/en/other-ways-donate-and-faqs,True,False,,
https://www.aclukansas.org/en/events,True,False,,
https://www.achildbecomes.org/our-staff/,True,False,,
https://secure.ngpvan.com/GUFO0qkEcE2jjV7Gfa1sng2,True,False,,
https://www.aclukansas.org/en/press-releases,True,False,,
https://www.aclukansas.org/en/news/marching-aclu-kansas-podcast,True,False,,
https://www.aclukansas.org/en/civil-liberties-accountability-project,True,False,,
https://www.aclukansas.org/en/blog,True,False,,
https://www.achildbecomes.org/admissions/2146-2/,True,False,,
https://secure.ngpvan.com/cTAhrpty-Uy9v0ZK4YDf3g2,True,False,,
https://www.aclukansas.org/en/get-help,True,False,,
https://www.achildbecomes.org/admissions/tuition-and-fees/,True,False,,
https://kansasreflector.com/2024/09/09/wichita-police-to-overhaul-gang-list-after-kansas-judge-approves-settlement-agreement/,True,False,,
https://www.aclukansas.org/en/resources/lgbtq-advocacy-resource-hub,True,False,,
https://www.aclukansas.org/en/resources/system-impacted-resource-hub,True,False,,
https://www.kansan.com/news/lgbtq-activists-pleased-with-veto-of-anti-trans-bill-worry-more-is-coming/article_6ca062a6-5f53-11ef-b6c2-371a3918ca2b.html,True,False,,
https://www.aclukansas.org/en/election-protection,True,False,,
https://www.aclukansas.org/en/news,True,False,,
https://klcjournal.com/the-weight-of-the-wait-30-years-after-kansas-death-penalty-law/,True,False,,
https://www.achildbecomes.org/admissions/,True,False,,
https://www.aclukansas.org/en/hot-topics-series,True,False,,
https://www.achildbecomes.org/service-projects/,True,False,,
https://www.achildbecomes.org/javascript&colon,False,,,<twisted.python.failure.Failure scrapy.spidermiddlewares.httperror.HttpError: Ignoring non-200 response>
https://www.aclukansas.org/en/resources/reports-and-toolkits,True,False,,
https://www.aclukansas.org/en/know-your-rights,True,False,,
https://www.achildbecomes.org/our-programs/sunbeams/,True,False,,
https://www.aclukansas.org/en/issues/racial-justice,True,False,,
https://www.achildbecomes.org/our-programs/butterflies/,True,False,,
https://www.aclukansas.org/en/issues/immigrants-rights,True,False,,
https://www.aclukansas.org/en/issues/lgbt-rights,True,False,,
https://www.aclukansas.org/en/issues/reproductive-freedom,True,False,,
https://www.achildbecomes.org/our-programs/caterpillars/,True,False,,
https://www.aclukansas.org/en/issues/smart-justice-reform,True,False,,
https://www.achildbecomes.org/our-programs/,True,False,,
https://www.aclukansas.org/en/issues/voting-rights,True,False,,
https://www.aclukansas.org/,True,False,,
https://www.acf-foresters.org/home-,True,False,,
https://www.aclukansas.org/en/issues,True,False,,
https://www.aclukansas.org/en/our-work/letters-officials,True,False,,
https://www.achildbecomes.org/our-philosophy/,True,False,,
https://www.aclukansas.org/en/cases,True,False,,
https://www.aclukansas.org/en/legislation,True,False,,
https://www.aclukansas.org/en/campaigns/represent-reclaiming-our-vote-and-restoring-our-democracy,True,False,,
https://www.aclukansas.org/en/campaigns/reimagine-justice,True,False,,
https://www.aclukansas.org/en/campaigns,True,False,,
https://www.aclukansas.org/en/about/marching-fund-aclu-kansas-microgrant-program,True,False,,
https://www.aclukansas.org/en/job-opportunities,True,False,,
https://www.aclukansas.org/en/about/contact-us,True,False,,
https://www.aclukansas.org/en/about/meet-aclu-kansas-staff,True,False,,
https://www.aclukansas.org/en,True,False,,
https://www.aclukansas.org/en/about/about-us,True,False,,
https://www.aclukansas.org/en/take-action,True,False,,
https://www.acf-foresters.org/index.php?option=com_jevents&task=icalrepeat.detail&evid=41&Itemid=127&year=2024&month=10&day=11&title=north-carolina-chapter-meeting&uid=da681cddc74bfd4496563c24662bacb4,True,False,,
https://www.acf-foresters.org/index.php?option=com_jevents&task=icalrepeat.detail&evid=42&Itemid=127&year=2024&month=10&day=10&title=pennsylvania-chapter-meeting&uid=257685df9ccfad6fd89d1bbbace92295,True,False,,
https://www.acf-foresters.org/acf-blog,True,False,,
https://www.acf-foresters.org/why-choose-acf,True,False,,
https://www.acf-foresters.org/login,True,False,,
https://www.acf-foresters.org/contact-us,True,False,,
https://www.acf-foresters.org/code-of-ethics,True,False,,
https://www.acf-foresters.org/chapters,True,False,,
https://www.acf-foresters.org/leadership,True,False,,
https://www.acf-foresters.org/why-choose-acf-,True,False,,
https://www.acf-foresters.org/about-acf,True,False,,
https://www.acf-foresters.org/about-us,True,False,,
https://www.acf-foresters.org/member-features,True,False,,
https://www.acf-foresters.org/the-wandering-forester,True,False,,
https://www.acf-foresters.org/blog-words-from-the-woods,True,False,,
https://www.acf-foresters.org/the-consultant-magazine,True,False,,
https://www.acf-foresters.org/association-news,True,False,,
https://www.acf-foresters.org/communications,True,False,,
https://www.acf-foresters.org/call-for-content-leaders,True,False,,
https://www.acf-foresters.org/treelearn-ondemand,True,False,,
https://www.acf-foresters.org/,True,False,,
https://www.acf-foresters.org/practice-of-consulting-forestry,True,False,,
https://www.acf-foresters.org/education,True,False,,
https://www.acf-foresters.org/sponsors,True,False,,
https://www.acf-foresters.org/health-and-safety,True,False,,
https://www.acf-foresters.org/regional-conference,True,False,,
https://www.acf-foresters.org/national-conference,True,False,,
https://www.acf-foresters.org/fall-virtual-conference,True,False,,
https://www.acf-foresters.org/treelearn,True,False,,
https://www.acf-foresters.org/event-calendar1,True,False,,
https://www.acf-foresters.org/events,True,False,,
https://www.acf-foresters.org/benefits,True,False,,
https://www.acf-foresters.org/join-now,True,False,,
https://www.acf-foresters.org/membership,True,False,,
https://www.acf-foresters.org/find-a-forester-search,True,False,,
https://www.acf-foresters.org/find-a-forester,True,False,,
